<?xml version="1.0" encoding="UTF-8"?>
<project-private xmlns="http://www.netbeans.org/ns/project-private/1">
    <editor-bookmarks xmlns="http://www.netbeans.org/ns/editor-bookmarks/2" lastBookmarkId="0"/>
    <open-files xmlns="http://www.netbeans.org/ns/projectui-open-files/2">
        <group>
            <file>file:/C:/EMERTXE/CAN%20BASED%20AUTOMATION%20DASHBOARD/CAN%20BASED%20AUTOMATION%20DASHBOARD/ECU1.X/ecu1_sensor.c</file>
            <file>file:/C:/EMERTXE/CAN%20BASED%20AUTOMATION%20DASHBOARD/CAN%20BASED%20AUTOMATION%20DASHBOARD/ECU1.X/ecu1_main.c</file>
        </group>
    </open-files>
</project-private>
